<?xml version="1.0" encoding="UTF-8"?><rss version="2.0"
	xmlns:content="http://purl.org/rss/1.0/modules/content/"
	xmlns:wfw="http://wellformedweb.org/CommentAPI/"
	xmlns:dc="http://purl.org/dc/elements/1.1/"
	xmlns:atom="http://www.w3.org/2005/Atom"
	xmlns:sy="http://purl.org/rss/1.0/modules/syndication/"
	xmlns:slash="http://purl.org/rss/1.0/modules/slash/"
	>

<channel>
	<title>Luciana Gurgel</title>
	<atom:link href="https://lucianagurgel.com.br/feed" rel="self" type="application/rss+xml" />
	<link>https://lucianagurgel.com.br/</link>
	<description>Psicóloga</description>
	<lastBuildDate>Tue, 22 Oct 2024 23:53:19 +0000</lastBuildDate>
	<language>pt-BR</language>
	<sy:updatePeriod>
	hourly	</sy:updatePeriod>
	<sy:updateFrequency>
	1	</sy:updateFrequency>
	<generator>https://wordpress.org/?v=6.7.1</generator>
	<item>
		<title>Hello world!</title>
		<link>https://lucianagurgel.com.br/hello-world.html</link>
					<comments>https://lucianagurgel.com.br/hello-world.html#comments</comments>
		
		<dc:creator><![CDATA[luisslf]]></dc:creator>
		<pubDate>Tue, 22 Oct 2024 23:53:19 +0000</pubDate>
				<category><![CDATA[Uncategorized]]></category>
		<guid isPermaLink="false">https://lucianagurgel.com.br/?p=1</guid>

					<description><![CDATA[Welcome to WordPress. This is your first post. Edit or delete it, then start writing!]]></description>
										<content:encoded><![CDATA[
<p>Welcome to WordPress. This is your first post. Edit or delete it, then start writing!</p>
]]></content:encoded>
					
					<wfw:commentRss>https://lucianagurgel.com.br/hello-world.html/feed</wfw:commentRss>
			<slash:comments>1</slash:comments>
		
		
			</item>
	</channel>
</rss>
